ID,Title,Description,Price,Sale_Price,Image,Availability,Brand,Category,URL
perfume_1,عطر كوكو شانيل 100 مل,"عطر كوكو شانيل 100 مل - هدية فريدة من Emirates Gifts",352 AED,252 AED,https://m5zoon.com/public/uploads/products/1722352332177124.webp,in stock,Perfumes,Perfumes,https://emirates-gifts.arabsad.com/products/perfume_1
perfume_2,عطر جوتشي فلورا,"عطر جوتشي فلورا - هدية فريدة من Emirates Gifts",352 AED,252 AED,https://m5zoon.com/public/uploads/products/1720344963790342.webp,in stock,Perfumes,Perfumes,https://emirates-gifts.arabsad.com/products/perfume_2
perfume_3,عطر جوتشي بلوم,"عطر جوتشي بلوم - هدية فريدة من Emirates Gifts",352 AED,252 AED,https://m5zoon.com/public/uploads/products/1720344971935939.webp,in stock,Perfumes,Perfumes,https://emirates-gifts.arabsad.com/products/perfume_3
perfume_4,عطر سوفاج ديور  100 مل,"عطر سوفاج ديور  100 مل - هدية فريدة من Emirates Gifts",352 AED,252 AED,https://m5zoon.com/public/uploads/products/1720344979304336.webp,in stock,Perfumes,Perfumes,https://emirates-gifts.arabsad.com/products/perfume_4
perfume_5,عطر فرزاتشي ايروس,"عطر فرزاتشي ايروس - هدية فريدة من Emirates Gifts",352 AED,252 AED,https://m5zoon.com/public/uploads/products/1720345001981811.webp,in stock,Perfumes,Perfumes,https://emirates-gifts.arabsad.com/products/perfume_5
perfume_6,فواحة عطرية للسيارة قابلة لإعادة الشحن,"فواحة عطرية للسيارة قابلة لإعادة الشحن - هدية فريدة من Emirates Gifts",364 AED,264 AED,https://m5zoon.com/public/uploads/products/1722352237120309.webp,in stock,Perfumes,Perfumes,https://emirates-gifts.arabsad.com/products/perfume_6
perfume_7,Eau The Audacity Penhaligons Green,"Eau The Audacity Penhaligons Green - هدية فريدة من Emirates Gifts",385 AED,285 AED,https://m5zoon.com/public/uploads/products/175669385359976.webp,in stock,Perfumes,Perfumes,https://emirates-gifts.arabsad.com/products/perfume_7
perfume_8,Eau The Audacity Penhaligons white,"Eau The Audacity Penhaligons white - هدية فريدة من Emirates Gifts",385 AED,285 AED,https://m5zoon.com/public/uploads/products/1756693962685036.webp,in stock,Perfumes,Perfumes,https://emirates-gifts.arabsad.com/products/perfume_8
perfume_9,Fleurs  Bohemes Inverness,"Fleurs  Bohemes Inverness - هدية فريدة من Emirates Gifts",385 AED,285 AED,https://m5zoon.com/public/uploads/products/1756694224611806.webp,in stock,Perfumes,Perfumes,https://emirates-gifts.arabsad.com/products/perfume_9
perfume_10,Tom Ford Vanilla Sex,"Tom Ford Vanilla Sex - هدية فريدة من Emirates Gifts",365 AED,265 AED,https://m5zoon.com/public/uploads/products/1757731212122499.webp,in stock,Perfumes,Perfumes,https://emirates-gifts.arabsad.com/products/perfume_10
perfume_11,Tom Ford Myrrhe Mystere,"Tom Ford Myrrhe Mystere - هدية فريدة من Emirates Gifts",365 AED,265 AED,https://m5zoon.com/public/uploads/products/175773127350287.webp,in stock,Perfumes,Perfumes,https://emirates-gifts.arabsad.com/products/perfume_11
perfume_12,Tom Ford Eau De Soleil Blanc,"Tom Ford Eau De Soleil Blanc - هدية فريدة من Emirates Gifts",365 AED,265 AED,https://m5zoon.com/public/uploads/products/175773142284159.webp,in stock,Perfumes,Perfumes,https://emirates-gifts.arabsad.com/products/perfume_12
perfume_13,Tom Ford Ombre Leather,"Tom Ford Ombre Leather - هدية فريدة من Emirates Gifts",365 AED,265 AED,https://m5zoon.com/public/uploads/products/1757731526832014.webp,in stock,Perfumes,Perfumes,https://emirates-gifts.arabsad.com/products/perfume_13
perfume_14,Tomber,"Tomber - هدية فريدة من Emirates Gifts",419 AED,319 AED,https://m5zoon.com/public/uploads/products/175899730567885.webp,in stock,Perfumes,Perfumes,https://emirates-gifts.arabsad.com/products/perfume_14
perfume_15,Aromatic,"Aromatic - هدية فريدة من Emirates Gifts",419 AED,319 AED,https://m5zoon.com/public/uploads/products/1758997399436910.webp,in stock,Perfumes,Perfumes,https://emirates-gifts.arabsad.com/products/perfume_15
perfume_16,Khaneen,"Khaneen - هدية فريدة من Emirates Gifts",419 AED,319 AED,https://m5zoon.com/public/uploads/products/1758997512844520.webp,in stock,Perfumes,Perfumes,https://emirates-gifts.arabsad.com/products/perfume_16
perfume_17,Paradise ( Black) 50ml,"Paradise ( Black) 50ml - هدية فريدة من Emirates Gifts",419 AED,319 AED,https://m5zoon.com/public/uploads/products/1758997664611779.webp,in stock,Perfumes,Perfumes,https://emirates-gifts.arabsad.com/products/perfume_17
perfume_18,Paradise  ( white) 30ml,"Paradise  ( white) 30ml - هدية فريدة من Emirates Gifts",381 AED,281 AED,https://m5zoon.com/public/uploads/products/1758997816586574.webp,in stock,Perfumes,Perfumes,https://emirates-gifts.arabsad.com/products/perfume_18
perfume_19,De louvre (black) 50ml,"De louvre (black) 50ml - هدية فريدة من Emirates Gifts",419 AED,319 AED,https://m5zoon.com/public/uploads/products/1758998016168560.webp,in stock,Perfumes,Perfumes,https://emirates-gifts.arabsad.com/products/perfume_19
perfume_20,De louvre (white) 30ml,"De louvre (white) 30ml - هدية فريدة من Emirates Gifts",381 AED,281 AED,https://m5zoon.com/public/uploads/products/1758998095266894.webp,in stock,Perfumes,Perfumes,https://emirates-gifts.arabsad.com/products/perfume_20
perfume_21,Autumn,"Autumn - هدية فريدة من Emirates Gifts",381 AED,281 AED,https://m5zoon.com/public/uploads/products/1758998200679705.webp,in stock,Perfumes,Perfumes,https://emirates-gifts.arabsad.com/products/perfume_21
perfume_22,Emotion (black) 50ml,"Emotion (black) 50ml - هدية فريدة من Emirates Gifts",419 AED,319 AED,https://m5zoon.com/public/uploads/products/1758994695538187.webp,in stock,Perfumes,Perfumes,https://emirates-gifts.arabsad.com/products/perfume_22
perfume_23,Emotion (white) 30ml,"Emotion (white) 30ml - هدية فريدة من Emirates Gifts",381 AED,281 AED,https://m5zoon.com/public/uploads/products/1758994813953968.webp,in stock,Perfumes,Perfumes,https://emirates-gifts.arabsad.com/products/perfume_23
perfume_24,Emotion ( HAIR SERUM ),"Emotion ( HAIR SERUM ) - هدية فريدة من Emirates Gifts",385 AED,285 AED,https://m5zoon.com/public/uploads/products/1758994946411884.webp,in stock,Perfumes,Perfumes,https://emirates-gifts.arabsad.com/products/perfume_24
perfume_25,Emotion ( HAIR & BODY MIST),"Emotion ( HAIR & BODY MIST) - هدية فريدة من Emirates Gifts",390 AED,290 AED,https://m5zoon.com/public/uploads/products/1758995006710566.webp,in stock,Perfumes,Perfumes,https://emirates-gifts.arabsad.com/products/perfume_25
perfume_26,Glory,"Glory - هدية فريدة من Emirates Gifts",470 AED,370 AED,https://m5zoon.com/public/uploads/products/1758995050816081.webp,in stock,Perfumes,Perfumes,https://emirates-gifts.arabsad.com/products/perfume_26
perfume_27,ARIAF,"ARIAF - هدية فريدة من Emirates Gifts",381 AED,281 AED,https://m5zoon.com/public/uploads/products/1758995115569006.webp,in stock,Perfumes,Perfumes,https://emirates-gifts.arabsad.com/products/perfume_27
perfume_28,JORA (HAIR SERUM ),"JORA (HAIR SERUM ) - هدية فريدة من Emirates Gifts",385 AED,285 AED,https://m5zoon.com/public/uploads/products/1758995171280243.webp,in stock,Perfumes,Perfumes,https://emirates-gifts.arabsad.com/products/perfume_28
perfume_29,JORA ( HAIR & BODY MIST),"JORA ( HAIR & BODY MIST) - هدية فريدة من Emirates Gifts",390 AED,290 AED,https://m5zoon.com/public/uploads/products/1758995240771137.webp,in stock,Perfumes,Perfumes,https://emirates-gifts.arabsad.com/products/perfume_29
perfume_30,Oud Al-Brayeh,"Oud Al-Brayeh - هدية فريدة من Emirates Gifts",390 AED,290 AED,https://m5zoon.com/public/uploads/products/1758995285297398.webp,in stock,Perfumes,Perfumes,https://emirates-gifts.arabsad.com/products/perfume_30
perfume_31,SHAIKAH HIND,"SHAIKAH HIND - هدية فريدة من Emirates Gifts",390 AED,290 AED,https://m5zoon.com/public/uploads/products/1758995318698510.webp,in stock,Perfumes,Perfumes,https://emirates-gifts.arabsad.com/products/perfume_31
perfume_32,دخون راقيه,"دخون راقيه - هدية فريدة من Emirates Gifts",390 AED,290 AED,https://m5zoon.com/public/uploads/products/1758995634493034.webp,in stock,Perfumes,Perfumes,https://emirates-gifts.arabsad.com/products/perfume_32
perfume_33,دخون عبدالرشيد,"دخون عبدالرشيد - هدية فريدة من Emirates Gifts",390 AED,290 AED,https://m5zoon.com/public/uploads/products/1758995672598233.webp,in stock,Perfumes,Perfumes,https://emirates-gifts.arabsad.com/products/perfume_33
perfume_34,دخون بو خالد,"دخون بو خالد - هدية فريدة من Emirates Gifts",390 AED,290 AED,https://m5zoon.com/public/uploads/products/1758995694164281.webp,in stock,Perfumes,Perfumes,https://emirates-gifts.arabsad.com/products/perfume_34
perfume_35,دخون بن لوتاه,"دخون بن لوتاه - هدية فريدة من Emirates Gifts",390 AED,290 AED,https://m5zoon.com/public/uploads/products/1758995715273869.webp,in stock,Perfumes,Perfumes,https://emirates-gifts.arabsad.com/products/perfume_35
perfume_36,Tom Ford Bitter Peach,"Tom Ford Bitter Peach - هدية فريدة من Emirates Gifts",360 AED,260 AED,https://m5zoon.com/public/uploads/products/1759671271239887.webp,in stock,Perfumes,Perfumes,https://emirates-gifts.arabsad.com/products/perfume_36
perfume_37,Tom Ford Tuscan Leather,"Tom Ford Tuscan Leather - هدية فريدة من Emirates Gifts",360 AED,260 AED,https://m5zoon.com/public/uploads/products/1759671443655830.webp,in stock,Perfumes,Perfumes,https://emirates-gifts.arabsad.com/products/perfume_37
perfume_38,Tom Ford Black Lacouer,"Tom Ford Black Lacouer - هدية فريدة من Emirates Gifts",360 AED,260 AED,https://m5zoon.com/public/uploads/products/1759671623798685.webp,in stock,Perfumes,Perfumes,https://emirates-gifts.arabsad.com/products/perfume_38
perfume_39,Tom Ford Oud Minerale,"Tom Ford Oud Minerale - هدية فريدة من Emirates Gifts",360 AED,260 AED,https://m5zoon.com/public/uploads/products/1759671814358679.webp,in stock,Perfumes,Perfumes,https://emirates-gifts.arabsad.com/products/perfume_39
perfume_40,Tom Ford Ebene Fume,"Tom Ford Ebene Fume - هدية فريدة من Emirates Gifts",360 AED,260 AED,https://m5zoon.com/public/uploads/products/1759672010235875.webp,in stock,Perfumes,Perfumes,https://emirates-gifts.arabsad.com/products/perfume_40
perfume_41,Tom Ford Neroli Portofino,"Tom Ford Neroli Portofino - هدية فريدة من Emirates Gifts",360 AED,260 AED,https://m5zoon.com/public/uploads/products/1759672123220700.webp,in stock,Perfumes,Perfumes,https://emirates-gifts.arabsad.com/products/perfume_41
perfume_42,Hermes Maguet Porcelaine,"Hermes Maguet Porcelaine - هدية فريدة من Emirates Gifts",380 AED,280 AED,https://m5zoon.com/public/uploads/products/1759672442981598.webp,in stock,Perfumes,Perfumes,https://emirates-gifts.arabsad.com/products/perfume_42
perfume_43,Penhaligons Halfeti Leather,"Penhaligons Halfeti Leather - هدية فريدة من Emirates Gifts",380 AED,280 AED,https://m5zoon.com/public/uploads/products/1759672817518252.png,in stock,Perfumes,Perfumes,https://emirates-gifts.arabsad.com/products/perfume_43
perfume_44,Xerjoff Tonny Iommi,"Xerjoff Tonny Iommi - هدية فريدة من Emirates Gifts",380 AED,280 AED,https://m5zoon.com/public/uploads/products/1759672907296410.webp,in stock,Perfumes,Perfumes,https://emirates-gifts.arabsad.com/products/perfume_44
perfume_45,Kayali vanilla candy pink,"Kayali vanilla candy pink - هدية فريدة من Emirates Gifts",375 AED,275 AED,https://m5zoon.com/public/uploads/products/1759673129924512.webp,in stock,Perfumes,Perfumes,https://emirates-gifts.arabsad.com/products/perfume_45
perfume_46,Kayali Eden,"Kayali Eden - هدية فريدة من Emirates Gifts",375 AED,275 AED,https://m5zoon.com/public/uploads/products/1759673390418898.webp,in stock,Perfumes,Perfumes,https://emirates-gifts.arabsad.com/products/perfume_46
perfume_47,Kayali Vanilla,"Kayali Vanilla - هدية فريدة من Emirates Gifts",375 AED,275 AED,https://m5zoon.com/public/uploads/products/1759673587418353.webp,in stock,Perfumes,Perfumes,https://emirates-gifts.arabsad.com/products/perfume_47
perfume_48,Kayali Lovefest,"Kayali Lovefest - هدية فريدة من Emirates Gifts",375 AED,275 AED,https://m5zoon.com/public/uploads/products/1759674736187451.webp,in stock,Perfumes,Perfumes,https://emirates-gifts.arabsad.com/products/perfume_48
perfume_49,Kayali Vanilla Candy Purple,"Kayali Vanilla Candy Purple - هدية فريدة من Emirates Gifts",375 AED,275 AED,https://m5zoon.com/public/uploads/products/1759674917780142.webp,in stock,Perfumes,Perfumes,https://emirates-gifts.arabsad.com/products/perfume_49
perfume_50,Yves Saint Laurent Eau Fraiche,"Yves Saint Laurent Eau Fraiche - هدية فريدة من Emirates Gifts",360 AED,260 AED,https://m5zoon.com/public/uploads/products/1759741516302878.webp,in stock,Perfumes,Perfumes,https://emirates-gifts.arabsad.com/products/perfume_50
perfume_51,Yves Saint Laurent Eau De Parfum,"Yves Saint Laurent Eau De Parfum - هدية فريدة من Emirates Gifts",360 AED,260 AED,https://m5zoon.com/public/uploads/products/1759741384587711.webp,in stock,Perfumes,Perfumes,https://emirates-gifts.arabsad.com/products/perfume_51
perfume_52,Yves Saint laurent intense,"Yves Saint laurent intense - هدية فريدة من Emirates Gifts",360 AED,260 AED,https://m5zoon.com/public/uploads/products/1759741673848880.webp,in stock,Perfumes,Perfumes,https://emirates-gifts.arabsad.com/products/perfume_52
perfume_53,عطر ايف سان لوران ليبر أو دو تواليت,"عطر ايف سان لوران ليبر أو دو تواليت - هدية فريدة من Emirates Gifts",360 AED,260 AED,https://m5zoon.com/public/uploads/products/17597420384190.webp,in stock,Perfumes,Perfumes,https://emirates-gifts.arabsad.com/products/perfume_53
perfume_54,عطر ايف سان لوران ماي سيلف,"عطر ايف سان لوران ماي سيلف - هدية فريدة من Emirates Gifts",360 AED,260 AED,https://m5zoon.com/public/uploads/products/1759742278653756.png,in stock,Perfumes,Perfumes,https://emirates-gifts.arabsad.com/products/perfume_54
perfume_55,عطر ايف سان لوران لوم او دو تواليت,"عطر ايف سان لوران لوم او دو تواليت - هدية فريدة من Emirates Gifts",360 AED,260 AED,https://m5zoon.com/public/uploads/products/1759742530807604.webp,in stock,Perfumes,Perfumes,https://emirates-gifts.arabsad.com/products/perfume_55
perfume_56,عطر ايف سان لوران ليبر,"عطر ايف سان لوران ليبر - هدية فريدة من Emirates Gifts",360 AED,260 AED,https://m5zoon.com/public/uploads/products/1761129701703382.webp,in stock,Perfumes,Perfumes,https://emirates-gifts.arabsad.com/products/perfume_56
perfume_57,عطر ايف سان لوران ليبر فلاورز اند فليمز,"عطر ايف سان لوران ليبر فلاورز اند فليمز - هدية فريدة من Emirates Gifts",360 AED,260 AED,https://m5zoon.com/public/uploads/products/1761130241239728.webp,in stock,Perfumes,Perfumes,https://emirates-gifts.arabsad.com/products/perfume_57
perfume_58,عطر ايف سان لوران ليبر انتنس,"عطر ايف سان لوران ليبر انتنس - هدية فريدة من Emirates Gifts",360 AED,260 AED,https://m5zoon.com/public/uploads/products/1761130441694431.webp,in stock,Perfumes,Perfumes,https://emirates-gifts.arabsad.com/products/perfume_58
perfume_59,عطر ايف سان لوران لا نوي,"عطر ايف سان لوران لا نوي - هدية فريدة من Emirates Gifts",360 AED,260 AED,https://m5zoon.com/public/uploads/products/1761130531790935.webp,in stock,Perfumes,Perfumes,https://emirates-gifts.arabsad.com/products/perfume_59
perfume_60,عطر ايف سان لوران بلاك اوبيوم,"عطر ايف سان لوران بلاك اوبيوم - هدية فريدة من Emirates Gifts",360 AED,260 AED,https://m5zoon.com/public/uploads/products/1759742975829378.webp,in stock,Perfumes,Perfumes,https://emirates-gifts.arabsad.com/products/perfume_60
perfume_61,Marly Delina La Rosee,"Marly Delina La Rosee - هدية فريدة من Emirates Gifts",365 AED,265 AED,https://m5zoon.com/public/uploads/products/175975181394783.webp,in stock,Perfumes,Perfumes,https://emirates-gifts.arabsad.com/products/perfume_61
perfume_62,Marly Oriana,"Marly Oriana - هدية فريدة من Emirates Gifts",365 AED,265 AED,https://m5zoon.com/public/uploads/products/1759752059894649.webp,in stock,Perfumes,Perfumes,https://emirates-gifts.arabsad.com/products/perfume_62
perfume_63,Marly palatine,"Marly palatine - هدية فريدة من Emirates Gifts",365 AED,265 AED,https://m5zoon.com/public/uploads/products/1759752155317065.webp,in stock,Perfumes,Perfumes,https://emirates-gifts.arabsad.com/products/perfume_63
perfume_64,Marly Safanad,"Marly Safanad - هدية فريدة من Emirates Gifts",365 AED,265 AED,https://m5zoon.com/public/uploads/products/1759752249414638.webp,in stock,Perfumes,Perfumes,https://emirates-gifts.arabsad.com/products/perfume_64
perfume_65,Valaya de Marly,"Valaya de Marly - هدية فريدة من Emirates Gifts",365 AED,265 AED,https://m5zoon.com/public/uploads/products/1759752352855323.webp,in stock,Perfumes,Perfumes,https://emirates-gifts.arabsad.com/products/perfume_65
perfume_66,Marly Delina,"Marly Delina - هدية فريدة من Emirates Gifts",365 AED,265 AED,https://m5zoon.com/public/uploads/products/1759752504730376.webp,in stock,Perfumes,Perfumes,https://emirates-gifts.arabsad.com/products/perfume_66
watch_1,ساعة رولكس يخت ماستر - فضي,"ساعة رولكس يخت ماستر - فضي - هدية فريدة من Emirates Gifts",370 AED,320 AED,https://m5zoon.com/public/uploads/products/1689086291310824.webp,in stock,Watches,Watches,https://emirates-gifts.arabsad.com/products/watch_1
watch_2,ساعة Rolex كلاسيكية 41 ملم 2022,"ساعة Rolex كلاسيكية 41 ملم 2022 - هدية فريدة من Emirates Gifts",375 AED,325 AED,https://m5zoon.com/public/uploads/products/1741223185271965.png,in stock,Watches,Watches,https://emirates-gifts.arabsad.com/products/watch_2
watch_3,ساعة rolex باللون الأسود.  R21,"ساعة rolex باللون الأسود.  R21 - هدية فريدة من Emirates Gifts",364 AED,314 AED,https://m5zoon.com/public/uploads/products/1681005528571671.webp,in stock,Watches,Watches,https://emirates-gifts.arabsad.com/products/watch_3
watch_4,ساعة rolex 40ملم  R54,"ساعة rolex 40ملم  R54 - هدية فريدة من Emirates Gifts",365 AED,315 AED,https://m5zoon.com/public/uploads/products/1681164046332341.webp,in stock,Watches,Watches,https://emirates-gifts.arabsad.com/products/watch_4
watch_5,ساعة rolex باللون الأخضر الملكي.,"ساعة rolex باللون الأخضر الملكي. - هدية فريدة من Emirates Gifts",364 AED,314 AED,https://m5zoon.com/public/uploads/products/1741222920546873.png,in stock,Watches,Watches,https://emirates-gifts.arabsad.com/products/watch_5
watch_6,ساعة rolex باللون الذهبي والأسود.,"ساعة rolex باللون الذهبي والأسود. - هدية فريدة من Emirates Gifts",360 AED,310 AED,https://m5zoon.com/public/uploads/products/1757284688463569.webp,in stock,Watches,Watches,https://emirates-gifts.arabsad.com/products/watch_6
watch_7,ساعة rolex باللون الأسود والفضي.,"ساعة rolex باللون الأسود والفضي. - هدية فريدة من Emirates Gifts",390 AED,340 AED,https://m5zoon.com/public/uploads/products/1741222642273682.png,in stock,Watches,Watches,https://emirates-gifts.arabsad.com/products/watch_7
watch_8,ساعة اوميغا سواتش بيبي بلو,"ساعة اوميغا سواتش بيبي بلو - هدية فريدة من Emirates Gifts",375 AED,325 AED,https://m5zoon.com/public/uploads/products/1720305672749191.webp,in stock,Watches,Watches,https://emirates-gifts.arabsad.com/products/watch_8
watch_9,ساعة اوميغا سواتش نبيتى,"ساعة اوميغا سواتش نبيتى - هدية فريدة من Emirates Gifts",375 AED,325 AED,https://m5zoon.com/public/uploads/products/1741222388454456.png,in stock,Watches,Watches,https://emirates-gifts.arabsad.com/products/watch_9
watch_10,ساعة اوميغا سواتش صفراء,"ساعة اوميغا سواتش صفراء - هدية فريدة من Emirates Gifts",375 AED,325 AED,https://m5zoon.com/public/uploads/products/1741221412352160.png,in stock,Watches,Watches,https://emirates-gifts.arabsad.com/products/watch_10
watch_11,ساعة اوميغا سواتش اسود,"ساعة اوميغا سواتش اسود - هدية فريدة من Emirates Gifts",375 AED,325 AED,https://m5zoon.com/public/uploads/products/174122229293204.png,in stock,Watches,Watches,https://emirates-gifts.arabsad.com/products/watch_11
watch_12,ساعة اوميغا سواتش خضراء,"ساعة اوميغا سواتش خضراء - هدية فريدة من Emirates Gifts",375 AED,325 AED,https://m5zoon.com/public/uploads/products/1741222202630361.png,in stock,Watches,Watches,https://emirates-gifts.arabsad.com/products/watch_12
watch_13,ساعة اوميغا سواتش زرقاء,"ساعة اوميغا سواتش زرقاء - هدية فريدة من Emirates Gifts",375 AED,325 AED,https://m5zoon.com/public/uploads/products/1741221794295947.png,in stock,Watches,Watches,https://emirates-gifts.arabsad.com/products/watch_13
watch_14,ساعة اوميغا سواتش رصاصي,"ساعة اوميغا سواتش رصاصي - هدية فريدة من Emirates Gifts",375 AED,325 AED,https://m5zoon.com/public/uploads/products/1741221694642499.png,in stock,Watches,Watches,https://emirates-gifts.arabsad.com/products/watch_14
watch_15,ساعة سربنتي توبوغاس,"ساعة سربنتي توبوغاس - هدية فريدة من Emirates Gifts",470 AED,420 AED,https://m5zoon.com/public/uploads/products/1741220746882687.png,in stock,Watches,Watches,https://emirates-gifts.arabsad.com/products/watch_15
watch_16,ساعة نسائية ديور - مينا صغير SL0012,"ساعة نسائية ديور - مينا صغير SL0012 - هدية فريدة من Emirates Gifts",385 AED,335 AED,https://m5zoon.com/public/uploads/products/1741220693290036.png,in stock,Watches,Watches,https://emirates-gifts.arabsad.com/products/watch_16
watch_17,ساعة سربنتي توبوغاس gold,"ساعة سربنتي توبوغاس gold - هدية فريدة من Emirates Gifts",470 AED,420 AED,https://m5zoon.com/public/uploads/products/1741220582559375.png,in stock,Watches,Watches,https://emirates-gifts.arabsad.com/products/watch_17
watch_18,ساعة اوميغا سواتش بنى,"ساعة اوميغا سواتش بنى - هدية فريدة من Emirates Gifts",375 AED,325 AED,https://m5zoon.com/public/uploads/products/1731699670370340.webp,in stock,Watches,Watches,https://emirates-gifts.arabsad.com/products/watch_18
watch_19,بوكس الساعة والايربودز  6 في 1,"بوكس الساعة والايربودز  6 في 1 - هدية فريدة من Emirates Gifts",410 AED,360 AED,https://m5zoon.com/public/uploads/products/1693928071589621.webp,in stock,Watches,Watches,https://emirates-gifts.arabsad.com/products/watch_19
watch_20,ساعة Ultra مع ايربودز هدية,"ساعة Ultra مع ايربودز هدية - هدية فريدة من Emirates Gifts",352 AED,302 AED,https://m5zoon.com/public/uploads/products/1731698702725313.webp,in stock,Watches,Watches,https://emirates-gifts.arabsad.com/products/watch_20
watch_21,ساعة رولكس يخت ماستر - ذهبي,"ساعة رولكس يخت ماستر - ذهبي - هدية فريدة من Emirates Gifts",364 AED,314 AED,https://m5zoon.com/public/uploads/products/1731699218702214.webp,in stock,Watches,Watches,https://emirates-gifts.arabsad.com/products/watch_21
watch_22,ساعة ذكية مزودة بكاميرا,"ساعة ذكية مزودة بكاميرا - هدية فريدة من Emirates Gifts",356 AED,306 AED,https://m5zoon.com/public/uploads/products/1731362264876264.webp,in stock,Watches,Watches,https://emirates-gifts.arabsad.com/products/watch_22
watch_23,ساعة rolex باللون الازرق,"ساعة rolex باللون الازرق - هدية فريدة من Emirates Gifts",364 AED,314 AED,https://m5zoon.com/public/uploads/products/1731361953514688.webp,in stock,Watches,Watches,https://emirates-gifts.arabsad.com/products/watch_23
watch_24,ساعة فورسينغ  كلاسيكي فضي,"ساعة فورسينغ  كلاسيكي فضي - هدية فريدة من Emirates Gifts",421 AED,371 AED,https://m5zoon.com/public/uploads/products/1731361789334824.webp,in stock,Watches,Watches,https://emirates-gifts.arabsad.com/products/watch_24
watch_25,ساعة فورسينغ كلاسيكي ذهبي,"ساعة فورسينغ كلاسيكي ذهبي - هدية فريدة من Emirates Gifts",421 AED,371 AED,https://m5zoon.com/public/uploads/products/1731361642576895.webp,in stock,Watches,Watches,https://emirates-gifts.arabsad.com/products/watch_25
watch_26,ساعة اوميغا سواتش أحمر,"ساعة اوميغا سواتش أحمر - هدية فريدة من Emirates Gifts",375 AED,325 AED,https://m5zoon.com/public/uploads/products/1731361206322275.webp,in stock,Watches,Watches,https://emirates-gifts.arabsad.com/products/watch_26
watch_27,ساعة ذكية A58 plus,"ساعة ذكية A58 plus - هدية فريدة من Emirates Gifts",360 AED,310 AED,https://m5zoon.com/public/uploads/products/1741220160853406.png,in stock,Watches,Watches,https://emirates-gifts.arabsad.com/products/watch_27
watch_28,ساعة Rolex باللون الأخضر الملكي + البوكس الأصلي,"ساعة Rolex باللون الأخضر الملكي + البوكس الأصلي - هدية فريدة من Emirates Gifts",390 AED,340 AED,https://m5zoon.com/public/uploads/products/1737384308361283.webp,in stock,Watches,Watches,https://emirates-gifts.arabsad.com/products/watch_28
watch_29,ساعة Rolex كلاسيكية 41 ملم 2022 + البوكس الأصلي,"ساعة Rolex كلاسيكية 41 ملم 2022 + البوكس الأصلي - هدية فريدة من Emirates Gifts",405 AED,355 AED,https://m5zoon.com/public/uploads/products/1737396086718850.webp,in stock,Watches,Watches,https://emirates-gifts.arabsad.com/products/watch_29
watch_30,ساعة رولكس يخت ماستر ذهبي + البوكس الأصلي,"ساعة رولكس يخت ماستر ذهبي + البوكس الأصلي - هدية فريدة من Emirates Gifts",394 AED,344 AED,https://m5zoon.com/public/uploads/products/1737397213723650.webp,in stock,Watches,Watches,https://emirates-gifts.arabsad.com/products/watch_30
watch_31,ساعة رولكس يخت ماستر اسود - كوبي 1,"ساعة رولكس يخت ماستر اسود - كوبي 1 - هدية فريدة من Emirates Gifts",590 AED,540 AED,https://m5zoon.com/public/uploads/products/1741220095315902.png,in stock,Watches,Watches,https://emirates-gifts.arabsad.com/products/watch_31
watch_32,ساعة رولكس باتمان اسود,"ساعة رولكس باتمان اسود - هدية فريدة من Emirates Gifts",590 AED,540 AED,https://m5zoon.com/public/uploads/products/1741220018820605.png,in stock,Watches,Watches,https://emirates-gifts.arabsad.com/products/watch_32
watch_33,ساعة Rolex ديت جاست مينا اخضر,"ساعة Rolex ديت جاست مينا اخضر - هدية فريدة من Emirates Gifts",375 AED,325 AED,https://m5zoon.com/public/uploads/products/1741219965465187.png,in stock,Watches,Watches,https://emirates-gifts.arabsad.com/products/watch_33
watch_34,ساعة Rolex ديت جاست مينا اسود  (36mm),"ساعة Rolex ديت جاست مينا اسود  (36mm) - هدية فريدة من Emirates Gifts",375 AED,325 AED,https://m5zoon.com/public/uploads/products/1741219862491625.png,in stock,Watches,Watches,https://emirates-gifts.arabsad.com/products/watch_34
watch_35,Rolex oyster اسود في ذهبي (42mm),"Rolex oyster اسود في ذهبي (42mm) - هدية فريدة من Emirates Gifts",370 AED,320 AED,https://m5zoon.com/public/uploads/products/1741219710495579.png,in stock,Watches,Watches,https://emirates-gifts.arabsad.com/products/watch_35
watch_36,ساعة رولكس Date just  ازرق فاتح *جولد (36mm),"ساعة رولكس Date just  ازرق فاتح *جولد (36mm) - هدية فريدة من Emirates Gifts",375 AED,325 AED,https://m5zoon.com/public/uploads/products/174118277945310.webp,in stock,Watches,Watches,https://emirates-gifts.arabsad.com/products/watch_36
watch_37,ساعة رولكس انيقة باللون الازرق,"ساعة رولكس انيقة باللون الازرق - هدية فريدة من Emirates Gifts",370 AED,320 AED,https://m5zoon.com/public/uploads/products/1741616006216496.webp,in stock,Watches,Watches,https://emirates-gifts.arabsad.com/products/watch_37
watch_38,ساعة رولكس مينا بني (31mm),"ساعة رولكس مينا بني (31mm) - هدية فريدة من Emirates Gifts",360 AED,310 AED,https://m5zoon.com/public/uploads/products/1744965057677330.webp,in stock,Watches,Watches,https://emirates-gifts.arabsad.com/products/watch_38
watch_39,rolex daytona black high quality,"rolex daytona black high quality - هدية فريدة من Emirates Gifts",575 AED,525 AED,https://m5zoon.com/public/uploads/products/1745247293243228.webp,in stock,Watches,Watches,https://emirates-gifts.arabsad.com/products/watch_39
watch_40,ساعة رولكس نسائي مينا أخضر ملكي (31mm) (W),"ساعة رولكس نسائي مينا أخضر ملكي (31mm) (W) - هدية فريدة من Emirates Gifts",360 AED,310 AED,https://m5zoon.com/public/uploads/products/1745420116792035.webp,in stock,Watches,Watches,https://emirates-gifts.arabsad.com/products/watch_40
watch_41,ساعة رولكس مينا أخضر ملكي (31mm) + البوكس الأصلي (W),"ساعة رولكس مينا أخضر ملكي (31mm) + البوكس الأصلي (W) - هدية فريدة من Emirates Gifts",390 AED,340 AED,https://m5zoon.com/public/uploads/products/1745582225766979.webp,in stock,Watches,Watches,https://emirates-gifts.arabsad.com/products/watch_41
watch_42,ساعة رولكس مينا أبيض (M) (41mm),"ساعة رولكس مينا أبيض (M) (41mm) - هدية فريدة من Emirates Gifts",365 AED,315 AED,https://m5zoon.com/public/uploads/products/1745609014583872.webp,in stock,Watches,Watches,https://emirates-gifts.arabsad.com/products/watch_42
watch_43,ساعة اوميغا سواتش بيبي بلو+البوكس الأصلي,"ساعة اوميغا سواتش بيبي بلو+البوكس الأصلي - هدية فريدة من Emirates Gifts",400 AED,350 AED,https://m5zoon.com/public/uploads/products/1745836780725584.webp,in stock,Watches,Watches,https://emirates-gifts.arabsad.com/products/watch_43
watch_44,Rolex watch silver and gold (w) (31mm) + البوكس الأصلي,"Rolex watch silver and gold (w) (31mm) + البوكس الأصلي - هدية فريدة من Emirates Gifts",410 AED,360 AED,https://m5zoon.com/public/uploads/products/1745837050237538.webp,in stock,Watches,Watches,https://emirates-gifts.arabsad.com/products/watch_44
watch_45,Rolex GMT Black,"Rolex GMT Black - هدية فريدة من Emirates Gifts",365 AED,315 AED,https://m5zoon.com/public/uploads/products/1746181059555396.webp,in stock,Watches,Watches,https://emirates-gifts.arabsad.com/products/watch_45
watch_46,Rolex GMT Batman,"Rolex GMT Batman - هدية فريدة من Emirates Gifts",365 AED,315 AED,https://m5zoon.com/public/uploads/products/1746181464408885.webp,in stock,Watches,Watches,https://emirates-gifts.arabsad.com/products/watch_46
watch_47,Rolex GMT 2 Batman,"Rolex GMT 2 Batman - هدية فريدة من Emirates Gifts",365 AED,315 AED,https://m5zoon.com/public/uploads/products/1746181605739421.webp,in stock,Watches,Watches,https://emirates-gifts.arabsad.com/products/watch_47
watch_48,Rolex GMT Pepsi,"Rolex GMT Pepsi - هدية فريدة من Emirates Gifts",365 AED,315 AED,https://m5zoon.com/public/uploads/products/1746181717142457.webp,in stock,Watches,Watches,https://emirates-gifts.arabsad.com/products/watch_48
watch_49,Rolex GMT Red Black,"Rolex GMT Red Black - هدية فريدة من Emirates Gifts",365 AED,315 AED,https://m5zoon.com/public/uploads/products/1746181903494936.webp,in stock,Watches,Watches,https://emirates-gifts.arabsad.com/products/watch_49
watch_50,Rolex GMT Golden Silver,"Rolex GMT Golden Silver - هدية فريدة من Emirates Gifts",365 AED,315 AED,https://m5zoon.com/public/uploads/products/1746182079990165.webp,in stock,Watches,Watches,https://emirates-gifts.arabsad.com/products/watch_50
watch_51,Rolex Datejust Green,"Rolex Datejust Green - هدية فريدة من Emirates Gifts",365 AED,315 AED,https://m5zoon.com/public/uploads/products/1746182515551179.webp,in stock,Watches,Watches,https://emirates-gifts.arabsad.com/products/watch_51
watch_52,Rolex Datejust Brown silver,"Rolex Datejust Brown silver - هدية فريدة من Emirates Gifts",365 AED,315 AED,https://m5zoon.com/public/uploads/products/1746184369399410.webp,in stock,Watches,Watches,https://emirates-gifts.arabsad.com/products/watch_52
watch_53,Rolex Datejust Blue silver,"Rolex Datejust Blue silver - هدية فريدة من Emirates Gifts",365 AED,315 AED,https://m5zoon.com/public/uploads/products/1746184513791138.webp,in stock,Watches,Watches,https://emirates-gifts.arabsad.com/products/watch_53
watch_54,Rolex Datejust || Blue silver,"Rolex Datejust || Blue silver - هدية فريدة من Emirates Gifts",365 AED,315 AED,https://m5zoon.com/public/uploads/products/1746184700388993.webp,in stock,Watches,Watches,https://emirates-gifts.arabsad.com/products/watch_54
watch_55,Rolex Datejust Black,"Rolex Datejust Black - هدية فريدة من Emirates Gifts",365 AED,315 AED,https://m5zoon.com/public/uploads/products/1746185014846505.webp,in stock,Watches,Watches,https://emirates-gifts.arabsad.com/products/watch_55
watch_56,Rolex Daydate Green Olive,"Rolex Daydate Green Olive - هدية فريدة من Emirates Gifts",365 AED,315 AED,https://m5zoon.com/public/uploads/products/1746186466334048.webp,in stock,Watches,Watches,https://emirates-gifts.arabsad.com/products/watch_56
watch_57,Rolex Daydate mint green,"Rolex Daydate mint green - هدية فريدة من Emirates Gifts",365 AED,315 AED,https://m5zoon.com/public/uploads/products/1746187778346572.webp,in stock,Watches,Watches,https://emirates-gifts.arabsad.com/products/watch_57
watch_58,Rolex Daydate Black 41mm,"Rolex Daydate Black 41mm - هدية فريدة من Emirates Gifts",365 AED,315 AED,https://m5zoon.com/public/uploads/products/1746189390932241.webp,in stock,Watches,Watches,https://emirates-gifts.arabsad.com/products/watch_58
watch_59,Rolex Daydate Ice Blue 41mm,"Rolex Daydate Ice Blue 41mm - هدية فريدة من Emirates Gifts",365 AED,315 AED,https://m5zoon.com/public/uploads/products/1746189543271503.webp,in stock,Watches,Watches,https://emirates-gifts.arabsad.com/products/watch_59
watch_60,Rolex Daydate gold-black 41mm,"Rolex Daydate gold-black 41mm - هدية فريدة من Emirates Gifts",365 AED,315 AED,https://m5zoon.com/public/uploads/products/1746196018274769.webp,in stock,Watches,Watches,https://emirates-gifts.arabsad.com/products/watch_60
watch_61,Rolex Daydate rose gold-brown 41mm,"Rolex Daydate rose gold-brown 41mm - هدية فريدة من Emirates Gifts",365 AED,315 AED,https://m5zoon.com/public/uploads/products/1746196155893617.webp,in stock,Watches,Watches,https://emirates-gifts.arabsad.com/products/watch_61
watch_62,Rolex Daydate silver 41mm,"Rolex Daydate silver 41mm - هدية فريدة من Emirates Gifts",365 AED,315 AED,https://m5zoon.com/public/uploads/products/1746196240133469.webp,in stock,Watches,Watches,https://emirates-gifts.arabsad.com/products/watch_62
watch_63,Rolex Oyster Perpetual - Blue,"Rolex Oyster Perpetual - Blue - هدية فريدة من Emirates Gifts",370 AED,320 AED,https://m5zoon.com/public/uploads/products/1746196600697526.webp,in stock,Watches,Watches,https://emirates-gifts.arabsad.com/products/watch_63
watch_64,Rolex Oyster Perpetual - yellow,"Rolex Oyster Perpetual - yellow - هدية فريدة من Emirates Gifts",370 AED,320 AED,https://m5zoon.com/public/uploads/products/1746196714322531.webp,in stock,Watches,Watches,https://emirates-gifts.arabsad.com/products/watch_64
watch_65,Rolex Oyster Perpetual - light blue,"Rolex Oyster Perpetual - light blue - هدية فريدة من Emirates Gifts",370 AED,320 AED,https://m5zoon.com/public/uploads/products/174619683662416.webp,in stock,Watches,Watches,https://emirates-gifts.arabsad.com/products/watch_65
watch_66,Rolex Oyster Perpetual - green,"Rolex Oyster Perpetual - green - هدية فريدة من Emirates Gifts",370 AED,320 AED,https://m5zoon.com/public/uploads/products/1746196895411006.webp,in stock,Watches,Watches,https://emirates-gifts.arabsad.com/products/watch_66
watch_67,ساعة رولكس ذهبي نسائي مميزة,"ساعة رولكس ذهبي نسائي مميزة - هدية فريدة من Emirates Gifts",365 AED,315 AED,https://m5zoon.com/public/uploads/products/1746404336390866.webp,in stock,Watches,Watches,https://emirates-gifts.arabsad.com/products/watch_67
watch_68,ساعة Rolex ديت جاست مينا اسود (36mm) + البوكس الأصلي,"ساعة Rolex ديت جاست مينا اسود (36mm) + البوكس الأصلي - هدية فريدة من Emirates Gifts",405 AED,355 AED,https://m5zoon.com/public/uploads/products/1746607047394087.png,in stock,Watches,Watches,https://emirates-gifts.arabsad.com/products/watch_68
watch_69,Rolex GMT Golden Silver + البوكس الأصلي,"Rolex GMT Golden Silver + البوكس الأصلي - هدية فريدة من Emirates Gifts",395 AED,345 AED,https://m5zoon.com/public/uploads/products/1746974614613186.webp,in stock,Watches,Watches,https://emirates-gifts.arabsad.com/products/watch_69
watch_70,Rolex Daydate olive gold high quality,"Rolex Daydate olive gold high quality - هدية فريدة من Emirates Gifts",560 AED,510 AED,https://m5zoon.com/public/uploads/products/1747145774156279.webp,in stock,Watches,Watches,https://emirates-gifts.arabsad.com/products/watch_70
watch_71,gold rolex watch for women,"gold rolex watch for women - هدية فريدة من Emirates Gifts",365 AED,315 AED,https://m5zoon.com/public/uploads/products/1747237008436551.webp,in stock,Watches,Watches,https://emirates-gifts.arabsad.com/products/watch_71
watch_72,ساعة رولكس نسائي مينا أخضر,"ساعة رولكس نسائي مينا أخضر - هدية فريدة من Emirates Gifts",370 AED,320 AED,https://m5zoon.com/public/uploads/products/1747497427813513.webp,in stock,Watches,Watches,https://emirates-gifts.arabsad.com/products/watch_72
watch_73,ساعة رولكس يخت ماستر اسود + البوكس الأصلي,"ساعة رولكس يخت ماستر اسود + البوكس الأصلي - هدية فريدة من Emirates Gifts",620 AED,570 AED,https://m5zoon.com/public/uploads/products/1747652707865326.png,in stock,Watches,Watches,https://emirates-gifts.arabsad.com/products/watch_73
watch_74,ستيل Rolex جولد و سيلفر (31mm)+ البوكس الأصلي,"ستيل Rolex جولد و سيلفر (31mm)+ البوكس الأصلي - هدية فريدة من Emirates Gifts",397 AED,347 AED,https://m5zoon.com/public/uploads/products/174827948380468.webp,in stock,Watches,Watches,https://emirates-gifts.arabsad.com/products/watch_74
watch_75,ساعة رولكس دايتون جولد,"ساعة رولكس دايتون جولد - هدية فريدة من Emirates Gifts",375 AED,325 AED,https://m5zoon.com/public/uploads/products/1748439740739970.webp,in stock,Watches,Watches,https://emirates-gifts.arabsad.com/products/watch_75
watch_76,Audemars Piguet Royal - Orange,"Audemars Piguet Royal - Orange - هدية فريدة من Emirates Gifts",660 AED,610 AED,https://m5zoon.com/public/uploads/products/1749109017733058.webp,in stock,Watches,Watches,https://emirates-gifts.arabsad.com/products/watch_76
watch_77,ساعة رولكس اويستر جولد*سيلفر مينا اسود,"ساعة رولكس اويستر جولد*سيلفر مينا اسود - هدية فريدة من Emirates Gifts",385 AED,335 AED,https://m5zoon.com/public/uploads/products/1749650147932375.webp,in stock,Watches,Watches,https://emirates-gifts.arabsad.com/products/watch_77
watch_78,ساعة رولكس اويستر سيلفر مينا اسود,"ساعة رولكس اويستر سيلفر مينا اسود - هدية فريدة من Emirates Gifts",385 AED,335 AED,https://m5zoon.com/public/uploads/products/1749650255855109.webp,in stock,Watches,Watches,https://emirates-gifts.arabsad.com/products/watch_78
watch_79,ساعة رولكس اويستر مينا اخضر,"ساعة رولكس اويستر مينا اخضر - هدية فريدة من Emirates Gifts",385 AED,335 AED,https://m5zoon.com/public/uploads/products/1749650379632795.webp,in stock,Watches,Watches,https://emirates-gifts.arabsad.com/products/watch_79
watch_80,ساعة رولكس اويستر مينا كحلي,"ساعة رولكس اويستر مينا كحلي - هدية فريدة من Emirates Gifts",385 AED,335 AED,https://m5zoon.com/public/uploads/products/1749650467665542.webp,in stock,Watches,Watches,https://emirates-gifts.arabsad.com/products/watch_80
watch_81,ساعة رولكس يخت ماستر - أسود,"ساعة رولكس يخت ماستر - أسود - هدية فريدة من Emirates Gifts",370 AED,320 AED,https://m5zoon.com/public/uploads/products/1749907175329443.webp,in stock,Watches,Watches,https://emirates-gifts.arabsad.com/products/watch_81
watch_82,ساعة رولكس ديت جاست للرجال,"ساعة رولكس ديت جاست للرجال - هدية فريدة من Emirates Gifts",372 AED,322 AED,https://m5zoon.com/public/uploads/products/1749907743553826.webp,in stock,Watches,Watches,https://emirates-gifts.arabsad.com/products/watch_82
watch_83,ساعة ديت جاست جولد و سيلفر مينا بني,"ساعة ديت جاست جولد و سيلفر مينا بني - هدية فريدة من Emirates Gifts",365 AED,315 AED,https://m5zoon.com/public/uploads/products/1750060846527552.webp,in stock,Watches,Watches,https://emirates-gifts.arabsad.com/products/watch_83
watch_84,ساعة رولكس ديت جاست سيلفر في جولد مينا اسود,"ساعة رولكس ديت جاست سيلفر في جولد مينا اسود - هدية فريدة من Emirates Gifts",385 AED,335 AED,https://m5zoon.com/public/uploads/products/17499912923186.webp,in stock,Watches,Watches,https://emirates-gifts.arabsad.com/products/watch_84
watch_85,ساعة رولكس ديت جاست سيلفر في جولد مينا اسود بالبوكس الاصلي,"ساعة رولكس ديت جاست سيلفر في جولد مينا اسود بالبوكس الاصلي - هدية فريدة من Emirates Gifts",415 AED,365 AED,https://m5zoon.com/public/uploads/products/1750149140107247.webp,in stock,Watches,Watches,https://emirates-gifts.arabsad.com/products/watch_85
watch_86,ساعة رولكس اويستر مينا كحلي بالبوكس الأصلي,"ساعة رولكس اويستر مينا كحلي بالبوكس الأصلي - هدية فريدة من Emirates Gifts",420 AED,370 AED,https://m5zoon.com/public/uploads/products/1750149812497686.webp,in stock,Watches,Watches,https://emirates-gifts.arabsad.com/products/watch_86
watch_87,ساعة رولكس اويستر مينا اخضر+البوكس الأصلي,"ساعة رولكس اويستر مينا اخضر+البوكس الأصلي - هدية فريدة من Emirates Gifts",420 AED,370 AED,https://m5zoon.com/public/uploads/products/1750159016228559.webp,in stock,Watches,Watches,https://emirates-gifts.arabsad.com/products/watch_87
watch_88,ساعة رولكس بتصميم الكعبة,"ساعة رولكس بتصميم الكعبة - هدية فريدة من Emirates Gifts",540 AED,490 AED,https://m5zoon.com/public/uploads/products/1750340228334282.webp,in stock,Watches,Watches,https://emirates-gifts.arabsad.com/products/watch_88
watch_89,ساعة رولكس رجالي سبرايت new,"ساعة رولكس رجالي سبرايت new - هدية فريدة من Emirates Gifts",375 AED,325 AED,https://m5zoon.com/public/uploads/products/1750346888724103.webp,in stock,Watches,Watches,https://emirates-gifts.arabsad.com/products/watch_89
watch_90,ساعة رولكس ديت جاست سيلفر*جولد,"ساعة رولكس ديت جاست سيلفر*جولد - هدية فريدة من Emirates Gifts",377 AED,327 AED,https://m5zoon.com/public/uploads/products/1750854553419596.webp,in stock,Watches,Watches,https://emirates-gifts.arabsad.com/products/watch_90
watch_91,ساعة رولكس نسائي جولد مينا أبيض,"ساعة رولكس نسائي جولد مينا أبيض - هدية فريدة من Emirates Gifts",377 AED,327 AED,https://m5zoon.com/public/uploads/products/1750877880119754.webp,in stock,Watches,Watches,https://emirates-gifts.arabsad.com/products/watch_91
watch_92,رولكس ديت جاست سيلفر مينا ازرق,"رولكس ديت جاست سيلفر مينا ازرق - هدية فريدة من Emirates Gifts",550 AED,500 AED,https://m5zoon.com/public/uploads/products/1751200672540929.webp,in stock,Watches,Watches,https://emirates-gifts.arabsad.com/products/watch_92
watch_93,Burberry watches لون اسود مينا ازرق,"Burberry watches لون اسود مينا ازرق - هدية فريدة من Emirates Gifts",620 AED,570 AED,https://m5zoon.com/public/uploads/products/1751369978749040.webp,in stock,Watches,Watches,https://emirates-gifts.arabsad.com/products/watch_93
watch_94,Burberry watches لون سيلفر مينا ابيض,"Burberry watches لون سيلفر مينا ابيض - هدية فريدة من Emirates Gifts",620 AED,570 AED,https://m5zoon.com/public/uploads/products/1751370116882448.webp,in stock,Watches,Watches,https://emirates-gifts.arabsad.com/products/watch_94
watch_95,Burberry watches لون اسود مينا اسود,"Burberry watches لون اسود مينا اسود - هدية فريدة من Emirates Gifts",620 AED,570 AED,https://m5zoon.com/public/uploads/products/1751370565818324.webp,in stock,Watches,Watches,https://emirates-gifts.arabsad.com/products/watch_95
watch_96,Burberry watches لون سيلفر مينا نبيتي,"Burberry watches لون سيلفر مينا نبيتي - هدية فريدة من Emirates Gifts",620 AED,570 AED,https://m5zoon.com/public/uploads/products/1751370682936787.webp,in stock,Watches,Watches,https://emirates-gifts.arabsad.com/products/watch_96
watch_97,Burberry watches لون سيلفر مينا اسود,"Burberry watches لون سيلفر مينا اسود - هدية فريدة من Emirates Gifts",620 AED,570 AED,https://m5zoon.com/public/uploads/products/1751370794144466.webp,in stock,Watches,Watches,https://emirates-gifts.arabsad.com/products/watch_97
watch_98,Burberry watches لون سيلفر مينا كحلي,"Burberry watches لون سيلفر مينا كحلي - هدية فريدة من Emirates Gifts",620 AED,570 AED,https://m5zoon.com/public/uploads/products/1751370911816816.webp,in stock,Watches,Watches,https://emirates-gifts.arabsad.com/products/watch_98
watch_99,Burberry watches سيلفر,"Burberry watches سيلفر - هدية فريدة من Emirates Gifts",620 AED,570 AED,https://m5zoon.com/public/uploads/products/1751371744995356.webp,in stock,Watches,Watches,https://emirates-gifts.arabsad.com/products/watch_99
watch_100,Burberry watches اسود مينا رصاصي,"Burberry watches اسود مينا رصاصي - هدية فريدة من Emirates Gifts",620 AED,570 AED,https://m5zoon.com/public/uploads/products/1751371859193388.webp,in stock,Watches,Watches,https://emirates-gifts.arabsad.com/products/watch_100
watch_101,Rolex Daytona Platinum Blue copy1,"Rolex Daytona Platinum Blue copy1 - هدية فريدة من Emirates Gifts",600 AED,550 AED,https://m5zoon.com/public/uploads/products/1751812044876798.webp,in stock,Watches,Watches,https://emirates-gifts.arabsad.com/products/watch_101
watch_102,Rolex Yacht-Master  gold copy1,"Rolex Yacht-Master  gold copy1 - هدية فريدة من Emirates Gifts",600 AED,550 AED,https://m5zoon.com/public/uploads/products/175181222818362.webp,in stock,Watches,Watches,https://emirates-gifts.arabsad.com/products/watch_102
watch_103,Rolex Submariner black copy1,"Rolex Submariner black copy1 - هدية فريدة من Emirates Gifts",600 AED,550 AED,https://m5zoon.com/public/uploads/products/175181238524703.webp,in stock,Watches,Watches,https://emirates-gifts.arabsad.com/products/watch_103
watch_104,Patek philippe geneve royal blue & gold - copy 1,"Patek philippe geneve royal blue & gold - copy 1 - هدية فريدة من Emirates Gifts",560 AED,510 AED,https://m5zoon.com/public/uploads/products/1751993512231502.webp,in stock,Watches,Watches,https://emirates-gifts.arabsad.com/products/watch_104
watch_105,Audemars Piguet blue & silver copy 1,"Audemars Piguet blue & silver copy 1 - هدية فريدة من Emirates Gifts",580 AED,530 AED,https://m5zoon.com/public/uploads/products/1751993781852135.webp,in stock,Watches,Watches,https://emirates-gifts.arabsad.com/products/watch_105
watch_106,Rolex Datejust Green + البوكس الاصلي,"Rolex Datejust Green + البوكس الاصلي - هدية فريدة من Emirates Gifts",395 AED,345 AED,https://m5zoon.com/public/uploads/products/1752057721201515.webp,in stock,Watches,Watches,https://emirates-gifts.arabsad.com/products/watch_106
watch_107,Rolex datejust brown silver - copy 1,"Rolex datejust brown silver - copy 1 - هدية فريدة من Emirates Gifts",540 AED,490 AED,https://m5zoon.com/public/uploads/products/1752071301392347.webp,in stock,Watches,Watches,https://emirates-gifts.arabsad.com/products/watch_107
watch_108,ساعة رولكس يخت ماستر - أسود - موديل حديث,"ساعة رولكس يخت ماستر - أسود - موديل حديث - هدية فريدة من Emirates Gifts",370 AED,320 AED,https://m5zoon.com/public/uploads/products/175233238867849.webp,in stock,Watches,Watches,https://emirates-gifts.arabsad.com/products/watch_108
watch_109,ساعة رولكس يخت ماستر - أسود - موديل حديث + البوكس الأصلي,"ساعة رولكس يخت ماستر - أسود - موديل حديث + البوكس الأصلي - هدية فريدة من Emirates Gifts",400 AED,350 AED,https://m5zoon.com/public/uploads/products/1752332472489634.webp,in stock,Watches,Watches,https://emirates-gifts.arabsad.com/products/watch_109
watch_110,Rolex Oyster Perpetual Daytona silver,"Rolex Oyster Perpetual Daytona silver - هدية فريدة من Emirates Gifts",375 AED,325 AED,https://m5zoon.com/public/uploads/products/1753366503225791.webp,in stock,Watches,Watches,https://emirates-gifts.arabsad.com/products/watch_110
watch_111,Rolex Oyster Perpetual Daytona rosegold,"Rolex Oyster Perpetual Daytona rosegold - هدية فريدة من Emirates Gifts",375 AED,325 AED,https://m5zoon.com/public/uploads/products/1753367784126760.webp,in stock,Watches,Watches,https://emirates-gifts.arabsad.com/products/watch_111
watch_112,Rolex Oyster Perpetual Daytona gold,"Rolex Oyster Perpetual Daytona gold - هدية فريدة من Emirates Gifts",375 AED,325 AED,https://m5zoon.com/public/uploads/products/175336774489564.webp,in stock,Watches,Watches,https://emirates-gifts.arabsad.com/products/watch_112
watch_113,Rolex Oyster Perpetual Daytona blue,"Rolex Oyster Perpetual Daytona blue - هدية فريدة من Emirates Gifts",375 AED,325 AED,https://m5zoon.com/public/uploads/products/1753367922554262.webp,in stock,Watches,Watches,https://emirates-gifts.arabsad.com/products/watch_113
watch_114,Versace Casual Chronograph استيك هافان,"Versace Casual Chronograph استيك هافان - هدية فريدة من Emirates Gifts",375 AED,325 AED,https://m5zoon.com/public/uploads/products/1753368382531031.webp,in stock,Watches,Watches,https://emirates-gifts.arabsad.com/products/watch_114
watch_115,Versace Casual Chronograph استيك اسود مينا ابيض,"Versace Casual Chronograph استيك اسود مينا ابيض - هدية فريدة من Emirates Gifts",375 AED,325 AED,https://m5zoon.com/public/uploads/products/175336848158797.webp,in stock,Watches,Watches,https://emirates-gifts.arabsad.com/products/watch_115
watch_116,Versace Casual Chronograph استيك اسود مينا اسود,"Versace Casual Chronograph استيك اسود مينا اسود - هدية فريدة من Emirates Gifts",375 AED,325 AED,https://m5zoon.com/public/uploads/products/1753368533605832.webp,in stock,Watches,Watches,https://emirates-gifts.arabsad.com/products/watch_116
watch_117,Patek Philippe مينا سوداء,"Patek Philippe مينا سوداء - هدية فريدة من Emirates Gifts",375 AED,325 AED,https://m5zoon.com/public/uploads/products/1753712133267951.webp,in stock,Watches,Watches,https://emirates-gifts.arabsad.com/products/watch_117
watch_118,Patek Philippe مينا كحلي,"Patek Philippe مينا كحلي - هدية فريدة من Emirates Gifts",375 AED,325 AED,https://m5zoon.com/public/uploads/products/1753712279952594.webp,in stock,Watches,Watches,https://emirates-gifts.arabsad.com/products/watch_118
watch_119,Patek Philippe مينا بيضا,"Patek Philippe مينا بيضا - هدية فريدة من Emirates Gifts",375 AED,325 AED,https://m5zoon.com/public/uploads/products/1753712462987314.webp,in stock,Watches,Watches,https://emirates-gifts.arabsad.com/products/watch_119
watch_120,Patek Philippe مينا بيج,"Patek Philippe مينا بيج - هدية فريدة من Emirates Gifts",375 AED,325 AED,https://m5zoon.com/public/uploads/products/1753712566754148.webp,in stock,Watches,Watches,https://emirates-gifts.arabsad.com/products/watch_120
watch_121,Emporio Armani كحلي,"Emporio Armani كحلي - هدية فريدة من Emirates Gifts",375 AED,325 AED,https://m5zoon.com/public/uploads/products/1753713139664965.webp,in stock,Watches,Watches,https://emirates-gifts.arabsad.com/products/watch_121
watch_122,Emporio Armani اسود مينا ابيض,"Emporio Armani اسود مينا ابيض - هدية فريدة من Emirates Gifts",375 AED,325 AED,https://m5zoon.com/public/uploads/products/1753713265494853.webp,in stock,Watches,Watches,https://emirates-gifts.arabsad.com/products/watch_122
watch_123,Emporio Armani اسود مينا اسود,"Emporio Armani اسود مينا اسود - هدية فريدة من Emirates Gifts",375 AED,325 AED,https://m5zoon.com/public/uploads/products/1753713342179796.webp,in stock,Watches,Watches,https://emirates-gifts.arabsad.com/products/watch_123
watch_124,Emporio Armani اسود هافان,"Emporio Armani اسود هافان - هدية فريدة من Emirates Gifts",375 AED,325 AED,https://m5zoon.com/public/uploads/products/1753713415756893.webp,in stock,Watches,Watches,https://emirates-gifts.arabsad.com/products/watch_124
watch_125,Cartier Tank اسود مينا اسود,"Cartier Tank اسود مينا اسود - هدية فريدة من Emirates Gifts",375 AED,325 AED,https://m5zoon.com/public/uploads/products/1753713564735416.webp,in stock,Watches,Watches,https://emirates-gifts.arabsad.com/products/watch_125
watch_126,Cartier Tank اسود مينا ابيض,"Cartier Tank اسود مينا ابيض - هدية فريدة من Emirates Gifts",375 AED,325 AED,https://m5zoon.com/public/uploads/products/1753713761513914.webp,in stock,Watches,Watches,https://emirates-gifts.arabsad.com/products/watch_126
watch_127,Cartier Tank اسود كحلي,"Cartier Tank اسود كحلي - هدية فريدة من Emirates Gifts",375 AED,325 AED,https://m5zoon.com/public/uploads/products/1753714143726784.webp,in stock,Watches,Watches,https://emirates-gifts.arabsad.com/products/watch_127
watch_128,Cartier Tank اسود هافان,"Cartier Tank اسود هافان - هدية فريدة من Emirates Gifts",375 AED,325 AED,https://m5zoon.com/public/uploads/products/175371443140178.webp,in stock,Watches,Watches,https://emirates-gifts.arabsad.com/products/watch_128
watch_129,Emporio Armani Watch For Women ابيض,"Emporio Armani Watch For Women ابيض - هدية فريدة من Emirates Gifts",375 AED,325 AED,https://m5zoon.com/public/uploads/products/1753714598253004.webp,in stock,Watches,Watches,https://emirates-gifts.arabsad.com/products/watch_129
watch_130,Emporio Armani Watch For Women اسود,"Emporio Armani Watch For Women اسود - هدية فريدة من Emirates Gifts",375 AED,325 AED,https://m5zoon.com/public/uploads/products/1753714676788171.webp,in stock,Watches,Watches,https://emirates-gifts.arabsad.com/products/watch_130
watch_131,Emporio Armani Watch For Women هافان,"Emporio Armani Watch For Women هافان - هدية فريدة من Emirates Gifts",375 AED,325 AED,https://m5zoon.com/public/uploads/products/1753714732396997.webp,in stock,Watches,Watches,https://emirates-gifts.arabsad.com/products/watch_131
watch_132,Emporio Armani Watch For Women احمر,"Emporio Armani Watch For Women احمر - هدية فريدة من Emirates Gifts",375 AED,325 AED,https://m5zoon.com/public/uploads/products/1753714797626239.webp,in stock,Watches,Watches,https://emirates-gifts.arabsad.com/products/watch_132
watch_133,Emporio Armani Watch For Women كحلي,"Emporio Armani Watch For Women كحلي - هدية فريدة من Emirates Gifts",375 AED,325 AED,https://m5zoon.com/public/uploads/products/175371485999260.webp,in stock,Watches,Watches,https://emirates-gifts.arabsad.com/products/watch_133
watch_134,Emporio Armani Watch For Women اخضر,"Emporio Armani Watch For Women اخضر - هدية فريدة من Emirates Gifts",375 AED,325 AED,https://m5zoon.com/public/uploads/products/1753714913529844.webp,in stock,Watches,Watches,https://emirates-gifts.arabsad.com/products/watch_134
watch_135,Breitling Endurance Pro كحلي,"Breitling Endurance Pro كحلي - هدية فريدة من Emirates Gifts",375 AED,325 AED,https://m5zoon.com/public/uploads/products/1753715027424007.webp,in stock,Watches,Watches,https://emirates-gifts.arabsad.com/products/watch_135
watch_136,Omega watch - navy blue strap,"Omega watch - navy blue strap - هدية فريدة من Emirates Gifts",620 AED,570 AED,https://m5zoon.com/public/uploads/products/1753972808675319.webp,in stock,Watches,Watches,https://emirates-gifts.arabsad.com/products/watch_136
watch_137,Rolex datejust Black silver - copy 1,"Rolex datejust Black silver - copy 1 - هدية فريدة من Emirates Gifts",530 AED,480 AED,https://m5zoon.com/public/uploads/products/1754412726895640.webp,in stock,Watches,Watches,https://emirates-gifts.arabsad.com/products/watch_137
watch_138,Rolex datejust green watch,"Rolex datejust green watch - هدية فريدة من Emirates Gifts",372 AED,322 AED,https://m5zoon.com/public/uploads/products/175447227738668.webp,in stock,Watches,Watches,https://emirates-gifts.arabsad.com/products/watch_138
watch_139,ساعة رولكس مينا أخضر نسائي نيو موديل,"ساعة رولكس مينا أخضر نسائي نيو موديل - هدية فريدة من Emirates Gifts",377 AED,327 AED,https://m5zoon.com/public/uploads/products/1754574717779013.webp,in stock,Watches,Watches,https://emirates-gifts.arabsad.com/products/watch_139
watch_140,Rolex Oyster Perpetual 41 - Silver copy1,"Rolex Oyster Perpetual 41 - Silver copy1 - هدية فريدة من Emirates Gifts",525 AED,475 AED,https://m5zoon.com/public/uploads/products/1755255922525936.webp,in stock,Watches,Watches,https://emirates-gifts.arabsad.com/products/watch_140
watch_141,Patek philippe geneve black copy 1,"Patek philippe geneve black copy 1 - هدية فريدة من Emirates Gifts",560 AED,510 AED,https://m5zoon.com/public/uploads/products/1755444255492836.webp,in stock,Watches,Watches,https://emirates-gifts.arabsad.com/products/watch_141
watch_142,(Rolex Submariner Green COPY 1  ( AUTOMATIC,"(Rolex Submariner Green COPY 1  ( AUTOMATIC - هدية فريدة من Emirates Gifts",530 AED,480 AED,https://m5zoon.com/public/uploads/products/1755603291676285.webp,in stock,Watches,Watches,https://emirates-gifts.arabsad.com/products/watch_142
watch_143,Rolex datejust mint green copy 1  automatic 41mm,"Rolex datejust mint green copy 1  automatic 41mm - هدية فريدة من Emirates Gifts",690 AED,640 AED,https://m5zoon.com/public/uploads/products/1755963296244340.webp,in stock,Watches,Watches,https://emirates-gifts.arabsad.com/products/watch_143
watch_144,Rolex day - date just white copy 1 automatic,"Rolex day - date just white copy 1 automatic - هدية فريدة من Emirates Gifts",715 AED,665 AED,https://m5zoon.com/public/uploads/products/1756294484966883.webp,in stock,Watches,Watches,https://emirates-gifts.arabsad.com/products/watch_144
watch_145,Rolex روز جولد (31mm) + البوكس الأصلي,"Rolex روز جولد (31mm) + البوكس الأصلي - هدية فريدة من Emirates Gifts",405 AED,355 AED,https://m5zoon.com/public/uploads/products/1757099201703253.webp,in stock,Watches,Watches,https://emirates-gifts.arabsad.com/products/watch_145
watch_146,Rolex Daydate rose gold-brown 41mm + البوكس الأصلي,"Rolex Daydate rose gold-brown 41mm + البوكس الأصلي - هدية فريدة من Emirates Gifts",395 AED,345 AED,https://m5zoon.com/public/uploads/products/175718095635360.webp,in stock,Watches,Watches,https://emirates-gifts.arabsad.com/products/watch_146
watch_147,Couple Rolex watch - Silver,"Couple Rolex watch - Silver - هدية فريدة من Emirates Gifts",445 AED,395 AED,https://m5zoon.com/public/uploads/products/1757524816214151.webp,in stock,Watches,Watches,https://emirates-gifts.arabsad.com/products/watch_147
watch_148,Couple Rolex watch - Silver&black,"Couple Rolex watch - Silver&black - هدية فريدة من Emirates Gifts",445 AED,395 AED,https://m5zoon.com/public/uploads/products/1757524962884190.webp,in stock,Watches,Watches,https://emirates-gifts.arabsad.com/products/watch_148
watch_149,Couple Rolex watch - gold&black,"Couple Rolex watch - gold&black - هدية فريدة من Emirates Gifts",445 AED,395 AED,https://m5zoon.com/public/uploads/products/1757525126959642.webp,in stock,Watches,Watches,https://emirates-gifts.arabsad.com/products/watch_149
watch_150,Couple Rolex watch - gold &black &silver,"Couple Rolex watch - gold &black &silver - هدية فريدة من Emirates Gifts",445 AED,395 AED,https://m5zoon.com/public/uploads/products/1757525267213998.webp,in stock,Watches,Watches,https://emirates-gifts.arabsad.com/products/watch_150
watch_151,Couple Rolex watch - gold,"Couple Rolex watch - gold - هدية فريدة من Emirates Gifts",445 AED,395 AED,https://m5zoon.com/public/uploads/products/1757525426185833.webp,in stock,Watches,Watches,https://emirates-gifts.arabsad.com/products/watch_151
watch_152,Couple Rolex watch - white&silver&gold,"Couple Rolex watch - white&silver&gold - هدية فريدة من Emirates Gifts",445 AED,395 AED,https://m5zoon.com/public/uploads/products/1757525529148384.webp,in stock,Watches,Watches,https://emirates-gifts.arabsad.com/products/watch_152
watch_153,Couple Rolex watch - green&silver&gold,"Couple Rolex watch - green&silver&gold - هدية فريدة من Emirates Gifts",445 AED,395 AED,https://m5zoon.com/public/uploads/products/1757525635608050.webp,in stock,Watches,Watches,https://emirates-gifts.arabsad.com/products/watch_153
watch_154,ساعة رولكس نسائي مينا أخضر + البوكس الأصلي,"ساعة رولكس نسائي مينا أخضر + البوكس الأصلي - هدية فريدة من Emirates Gifts",435 AED,385 AED,https://m5zoon.com/public/uploads/products/1758053169323932.webp,in stock,Watches,Watches,https://emirates-gifts.arabsad.com/products/watch_154
watch_155,ساعة رولكس نسائي مينا أزرق + البوكس الأصلي,"ساعة رولكس نسائي مينا أزرق + البوكس الأصلي - هدية فريدة من Emirates Gifts",430 AED,380 AED,https://m5zoon.com/public/uploads/products/1758053303204910.webp,in stock,Watches,Watches,https://emirates-gifts.arabsad.com/products/watch_155
watch_156,Rolex datejust chocolate for women,"Rolex datejust chocolate for women - هدية فريدة من Emirates Gifts",377 AED,327 AED,https://m5zoon.com/public/uploads/products/1758469890649889.webp,in stock,Watches,Watches,https://emirates-gifts.arabsad.com/products/watch_156
watch_157,Rolex datejust all silver copy 1,"Rolex datejust all silver copy 1 - هدية فريدة من Emirates Gifts",525 AED,475 AED,https://m5zoon.com/public/uploads/products/1758546095954083.webp,in stock,Watches,Watches,https://emirates-gifts.arabsad.com/products/watch_157
watch_158,ساعة رولكس نسائي مينا بني + البوكس الأصلي,"ساعة رولكس نسائي مينا بني + البوكس الأصلي - هدية فريدة من Emirates Gifts",430 AED,380 AED,https://m5zoon.com/public/uploads/products/1758742078744162.webp,in stock,Watches,Watches,https://emirates-gifts.arabsad.com/products/watch_158
watch_159,Rolex datejust chocolate for women + البوكس الأصلي,"Rolex datejust chocolate for women + البوكس الأصلي - هدية فريدة من Emirates Gifts",407 AED,357 AED,https://m5zoon.com/public/uploads/products/1758744551129745.webp,in stock,Watches,Watches,https://emirates-gifts.arabsad.com/products/watch_159
watch_160,ساعة رولكس مينا أخضر نسائي نيو موديل + البوكس الاصلي,"ساعة رولكس مينا أخضر نسائي نيو موديل + البوكس الاصلي - هدية فريدة من Emirates Gifts",407 AED,357 AED,https://m5zoon.com/public/uploads/products/1759334391865213.webp,in stock,Watches,Watches,https://emirates-gifts.arabsad.com/products/watch_160
watch_161,Rolex day - date rose gold chocolate copy 1,"Rolex day - date rose gold chocolate copy 1 - هدية فريدة من Emirates Gifts",550 AED,500 AED,https://m5zoon.com/public/uploads/products/1759341674220265.webp,in stock,Watches,Watches,https://emirates-gifts.arabsad.com/products/watch_161
watch_162,Rolex Datejust || Blue silver + البوكس الاصلي,"Rolex Datejust || Blue silver + البوكس الاصلي - هدية فريدة من Emirates Gifts",395 AED,345 AED,https://m5zoon.com/public/uploads/products/1759356021504771.webp,in stock,Watches,Watches,https://emirates-gifts.arabsad.com/products/watch_162
watch_163,ساعة ديت جاست جولد و سيلفر مينا بني+ البوكس الاصلي,"ساعة ديت جاست جولد و سيلفر مينا بني+ البوكس الاصلي - هدية فريدة من Emirates Gifts",395 AED,345 AED,https://m5zoon.com/public/uploads/products/1759770308161661.webp,in stock,Watches,Watches,https://emirates-gifts.arabsad.com/products/watch_163
watch_164,Rolex Datejust 41 Two Tone Rose Gold,"Rolex Datejust 41 Two Tone Rose Gold - هدية فريدة من Emirates Gifts",540 AED,490 AED,https://m5zoon.com/public/uploads/products/1760005930625468.webp,in stock,Watches,Watches,https://emirates-gifts.arabsad.com/products/watch_164
watch_165,Rolex Date Just Wimbledon,"Rolex Date Just Wimbledon - هدية فريدة من Emirates Gifts",530 AED,480 AED,https://m5zoon.com/public/uploads/products/1760091360730496.webp,in stock,Watches,Watches,https://emirates-gifts.arabsad.com/products/watch_165
watch_166,ساعة رولكس فضي مينا أبيض,"ساعة رولكس فضي مينا أبيض - هدية فريدة من Emirates Gifts",365 AED,315 AED,https://m5zoon.com/public/uploads/products/1760368436660482.webp,in stock,Watches,Watches,https://emirates-gifts.arabsad.com/products/watch_166
watch_167,ساعة رولكس فضي مينا أبيض + البوكس الأصلي,"ساعة رولكس فضي مينا أبيض + البوكس الأصلي - هدية فريدة من Emirates Gifts",395 AED,345 AED,https://m5zoon.com/public/uploads/products/1760368527279408.webp,in stock,Watches,Watches,https://emirates-gifts.arabsad.com/products/watch_167
watch_168,Rolex Datejust 28ml black,"Rolex Datejust 28ml black - هدية فريدة من Emirates Gifts",540 AED,490 AED,https://m5zoon.com/public/uploads/products/1761057799460976.webp,in stock,Watches,Watches,https://emirates-gifts.arabsad.com/products/watch_168
watch_169,ساعة ديور نسائية دائري مينا اسود,"ساعة ديور نسائية دائري مينا اسود - هدية فريدة من Emirates Gifts",372 AED,322 AED,https://m5zoon.com/public/uploads/products/1761058180115134.webp,in stock,Watches,Watches,https://emirates-gifts.arabsad.com/products/watch_169
watch_170,ساعة ديور نسائية دائري مينا ابيض,"ساعة ديور نسائية دائري مينا ابيض - هدية فريدة من Emirates Gifts",372 AED,322 AED,https://m5zoon.com/public/uploads/products/1761058250637754.webp,in stock,Watches,Watches,https://emirates-gifts.arabsad.com/products/watch_170
watch_171,ساعة ديور نسائية دائري مينا اخضر,"ساعة ديور نسائية دائري مينا اخضر - هدية فريدة من Emirates Gifts",372 AED,322 AED,https://m5zoon.com/public/uploads/products/1761058305782570.webp,in stock,Watches,Watches,https://emirates-gifts.arabsad.com/products/watch_171
watch_172,ساعة ديور نسائية جولد و سيلفر مينا ابيض,"ساعة ديور نسائية جولد و سيلفر مينا ابيض - هدية فريدة من Emirates Gifts",372 AED,322 AED,https://m5zoon.com/public/uploads/products/1761058693749451.webp,in stock,Watches,Watches,https://emirates-gifts.arabsad.com/products/watch_172
watch_173,ساعة ديور نسائية جولد و سيلفر مينا اخضر,"ساعة ديور نسائية جولد و سيلفر مينا اخضر - هدية فريدة من Emirates Gifts",372 AED,322 AED,https://m5zoon.com/public/uploads/products/176105879096577.webp,in stock,Watches,Watches,https://emirates-gifts.arabsad.com/products/watch_173
watch_174,ساعة ديور نسائية سيلفر مينا ابيض,"ساعة ديور نسائية سيلفر مينا ابيض - هدية فريدة من Emirates Gifts",372 AED,322 AED,https://m5zoon.com/public/uploads/products/1761058955825455.webp,in stock,Watches,Watches,https://emirates-gifts.arabsad.com/products/watch_174
watch_175,ساعة ديور نسائية سيلفر مينا اسود,"ساعة ديور نسائية سيلفر مينا اسود - هدية فريدة من Emirates Gifts",372 AED,322 AED,https://m5zoon.com/public/uploads/products/1761059022113201.webp,in stock,Watches,Watches,https://emirates-gifts.arabsad.com/products/watch_175
watch_176,ساعة ديور نسائية جولد مينا اسود,"ساعة ديور نسائية جولد مينا اسود - هدية فريدة من Emirates Gifts",372 AED,322 AED,https://m5zoon.com/public/uploads/products/1761059124893031.webp,in stock,Watches,Watches,https://emirates-gifts.arabsad.com/products/watch_176
watch_177,ساعة ديور نسائية جولد مينا ابيض,"ساعة ديور نسائية جولد مينا ابيض - هدية فريدة من Emirates Gifts",372 AED,322 AED,https://m5zoon.com/public/uploads/products/1761059185702630.webp,in stock,Watches,Watches,https://emirates-gifts.arabsad.com/products/watch_177
watch_178,Aigner watch gold strab,"Aigner watch gold strab - هدية فريدة من Emirates Gifts",372 AED,322 AED,https://m5zoon.com/public/uploads/products/1761061092894534.webp,in stock,Watches,Watches,https://emirates-gifts.arabsad.com/products/watch_178
watch_179,Aigner watch silver strab مينا ابيض,"Aigner watch silver strab مينا ابيض - هدية فريدة من Emirates Gifts",372 AED,322 AED,https://m5zoon.com/public/uploads/products/1761061317936794.webp,in stock,Watches,Watches,https://emirates-gifts.arabsad.com/products/watch_179
watch_180,Aigner watch silver strab مينا اسود,"Aigner watch silver strab مينا اسود - هدية فريدة من Emirates Gifts",372 AED,322 AED,https://m5zoon.com/public/uploads/products/176106137087541.webp,in stock,Watches,Watches,https://emirates-gifts.arabsad.com/products/watch_180
watch_181,Aigner watch silver*gold strab مينا اسود,"Aigner watch silver*gold strab مينا اسود - هدية فريدة من Emirates Gifts",372 AED,322 AED,https://m5zoon.com/public/uploads/products/176106153438940.webp,in stock,Watches,Watches,https://emirates-gifts.arabsad.com/products/watch_181
watch_182,Aigner watch silver strab مينا ابيض,"Aigner watch silver strab مينا ابيض - هدية فريدة من Emirates Gifts",372 AED,322 AED,https://m5zoon.com/public/uploads/products/1761061732362698.webp,in stock,Watches,Watches,https://emirates-gifts.arabsad.com/products/watch_182
watch_183,Aigner watch silver strab مينا اخضر,"Aigner watch silver strab مينا اخضر - هدية فريدة من Emirates Gifts",372 AED,322 AED,https://m5zoon.com/public/uploads/products/1761061776840789.webp,in stock,Watches,Watches,https://emirates-gifts.arabsad.com/products/watch_183
watch_184,Aigner watch 1 gold,"Aigner watch 1 gold - هدية فريدة من Emirates Gifts",372 AED,322 AED,https://m5zoon.com/public/uploads/products/176112166341271.webp,in stock,Watches,Watches,https://emirates-gifts.arabsad.com/products/watch_184
watch_185,Aigner watch 1 silver strab مينا ابيض,"Aigner watch 1 silver strab مينا ابيض - هدية فريدة من Emirates Gifts",372 AED,322 AED,https://m5zoon.com/public/uploads/products/176112173168356.webp,in stock,Watches,Watches,https://emirates-gifts.arabsad.com/products/watch_185
watch_186,Aigner watch 1 silver strab مينا اسود,"Aigner watch 1 silver strab مينا اسود - هدية فريدة من Emirates Gifts",372 AED,322 AED,https://m5zoon.com/public/uploads/products/1761121784104784.webp,in stock,Watches,Watches,https://emirates-gifts.arabsad.com/products/watch_186
watch_187,Aigner watch 1 silver*gold مينا اخضر,"Aigner watch 1 silver*gold مينا اخضر - هدية فريدة من Emirates Gifts",372 AED,322 AED,https://m5zoon.com/public/uploads/products/1761121941149980.webp,in stock,Watches,Watches,https://emirates-gifts.arabsad.com/products/watch_187
watch_188,Aigner watch 1 silver*gold مينا بني,"Aigner watch 1 silver*gold مينا بني - هدية فريدة من Emirates Gifts",372 AED,322 AED,https://m5zoon.com/public/uploads/products/1761121998362983.webp,in stock,Watches,Watches,https://emirates-gifts.arabsad.com/products/watch_188
watch_189,Aigner watch 1 silver*gold مينا ابيض,"Aigner watch 1 silver*gold مينا ابيض - هدية فريدة من Emirates Gifts",372 AED,322 AED,https://m5zoon.com/public/uploads/products/1761122053977631.webp,in stock,Watches,Watches,https://emirates-gifts.arabsad.com/products/watch_189
watch_190,Piaget watch silver,"Piaget watch silver - هدية فريدة من Emirates Gifts",372 AED,322 AED,https://m5zoon.com/public/uploads/products/1761122396851293.webp,in stock,Watches,Watches,https://emirates-gifts.arabsad.com/products/watch_190
watch_191,Piaget watch silver*gold,"Piaget watch silver*gold - هدية فريدة من Emirates Gifts",372 AED,322 AED,https://m5zoon.com/public/uploads/products/1761122539172326.webp,in stock,Watches,Watches,https://emirates-gifts.arabsad.com/products/watch_191
watch_192,مينا ابيض Piaget watch gold,"مينا ابيض Piaget watch gold - هدية فريدة من Emirates Gifts",372 AED,322 AED,https://m5zoon.com/public/uploads/products/176112260435495.webp,in stock,Watches,Watches,https://emirates-gifts.arabsad.com/products/watch_192
watch_193,مينا اخضر Piaget watch gold,"مينا اخضر Piaget watch gold - هدية فريدة من Emirates Gifts",372 AED,322 AED,https://m5zoon.com/public/uploads/products/176112265599750.webp,in stock,Watches,Watches,https://emirates-gifts.arabsad.com/products/watch_193
watch_194,مينا اسود Piaget watch gold,"مينا اسود Piaget watch gold - هدية فريدة من Emirates Gifts",372 AED,322 AED,https://m5zoon.com/public/uploads/products/1761123021259283.webp,in stock,Watches,Watches,https://emirates-gifts.arabsad.com/products/watch_194
watch_195,ساعة كوبل رولكس اويستر مينا بني,"ساعة كوبل رولكس اويستر مينا بني - هدية فريدة من Emirates Gifts",439 AED,389 AED,https://m5zoon.com/public/uploads/products/1761123423859239.webp,in stock,Watches,Watches,https://emirates-gifts.arabsad.com/products/watch_195
watch_196,ساعة كوبل رولكس اويستر مينا اسود,"ساعة كوبل رولكس اويستر مينا اسود - هدية فريدة من Emirates Gifts",439 AED,389 AED,https://m5zoon.com/public/uploads/products/1761123469483260.webp,in stock,Watches,Watches,https://emirates-gifts.arabsad.com/products/watch_196
watch_197,ساعة Rolex ديت جاست مينا اخضر + البوكس الأصلي,"ساعة Rolex ديت جاست مينا اخضر + البوكس الأصلي - هدية فريدة من Emirates Gifts",405 AED,355 AED,https://m5zoon.com/public/uploads/products/1761157567360958.png,in stock,Watches,Watches,https://emirates-gifts.arabsad.com/products/watch_197
